,precision,recall,f1-score,support,accuracy
0,0.9778325123152709,0.9875621890547264,0.9826732673267327,402.0,0.9772727272727273
1,0.9759450171821306,0.9627118644067797,0.9692832764505119,295.0,0.9772727272727273
2,0.9770114942528736,0.9770114942528736,0.9770114942528736,87.0,0.9772727272727273
3,1.0,1.0,1.0,8.0,0.9772727272727273
accuracy,0.9772727272727273,0.9772727272727273,0.9772727272727273,0.9772727272727273,0.9772727272727273
macro avg,0.9826972559375688,0.981821386928595,0.9822420095075295,792.0,0.9772727272727273
weighted avg,0.9772631944690245,0.9772727272727273,0.977238914164454,792.0,0.9772727272727273
