,precision,recall,f1-score,support,accuracy
0,0.9731051344743277,0.9900497512437811,0.9815043156596794,402.0,0.9772727272727273
1,0.9825783972125436,0.9559322033898305,0.9690721649484536,295.0,0.9772727272727273
2,0.9772727272727273,0.9885057471264368,0.9828571428571429,87.0,0.9772727272727273
3,1.0,1.0,1.0,8.0,0.9772727272727273
accuracy,0.9772727272727273,0.9772727272727273,0.9772727272727273,0.9772727272727273,0.9772727272727273
macro avg,0.9832390647398996,0.9836219254400121,0.983358405866319,792.0,0.9772727272727273
weighted avg,0.9773631546832163,0.9772727272727273,0.9772090845751974,792.0,0.9772727272727273
