,precision,recall,f1-score,support,accuracy
0,0.9754901960784313,0.9900497512437811,0.9827160493827161,402.0,0.9797979797979798
1,0.9860627177700348,0.9593220338983051,0.9725085910652921,295.0,0.9797979797979798
2,0.9775280898876404,1.0,0.9886363636363636,87.0,0.9797979797979798
3,1.0,1.0,1.0,8.0,0.9797979797979798
accuracy,0.9797979797979798,0.9797979797979798,0.9797979797979798,0.9797979797979798,0.9797979797979798
macro avg,0.9847702509340266,0.9873429462855215,0.985965251021093,792.0,0.9797979797979798
weighted avg,0.9798996267498918,0.9797979797979798,0.9797389518339352,792.0,0.9797979797979798
